Ticker,Month,Last Trade,First Notice,First Delivery,Last Delivery,Last Price
COH9,Mar-19,01/31/19,01/31/19,01/31/19,01/31/19,61.42
COJ9,Apr-19,02/28/19,02/28/19,02/28/19,02/28/19,61.35
COK9,May-19,03/29/19,03/29/19,03/29/19,03/29/19,61.49
COM9,Jun-19,04/30/19,04/30/19,04/30/19,04/30/19,61.59
CON9,Jul-19,05/31/19,05/31/19,05/31/19,05/31/19,61.77
COQ9,Aug-19,06/28/19,06/28/19,06/28/19,06/28/19,61.81
COU9,Sep-19,07/31/19,07/31/19,07/31/19,07/31/19,61.65
COV9,Oct-19,08/30/19,08/30/19,08/30/19,08/30/19,61.59
COX9,Nov-19,09/30/19,09/30/19,09/30/19,09/30/19,61.42
COZ9,Dec-19,10/31/19,10/31/19,10/31/19,10/31/19,61.45
COF0,Jan-20,11/29/19,11/29/19,11/29/19,11/29/19,
COG0,Feb-20,12/30/19,12/30/19,12/30/19,12/30/19,
COH0,Mar-20,01/31/20,01/31/20,01/31/20,01/31/20,
COJ0,Apr-20,02/28/20,02/28/20,02/28/20,02/28/20,
COK0,May-20,03/31/20,03/31/20,03/31/20,03/31/20,
COM0,Jun-20,04/30/20,04/30/20,04/30/20,04/30/20,
CON0,Jul-20,05/29/20,05/29/20,05/29/20,05/29/20,
COQ0,Aug-20,06/30/20,06/30/20,06/30/20,06/30/20,
COU0,Sep-20,07/31/20,07/31/20,07/31/20,07/31/20,
COV0,Oct-20,08/28/20,08/28/20,08/28/20,08/28/20,
COX0,Nov-20,09/30/20,09/30/20,09/30/20,09/30/20,
COZ0,Dec-20,10/30/20,10/30/20,10/30/20,10/30/20,
COF1,Jan-21,11/30/20,11/30/20,11/30/20,11/30/20,
COG1,Feb-21,12/30/20,12/30/20,12/30/20,12/30/20,
COH1,Mar-21,01/29/21,01/29/21,01/29/21,01/29/21,
COJ1,Apr-21,02/26/21,02/26/21,02/26/21,02/26/21,
COK1,May-21,03/31/21,03/31/21,03/31/21,03/31/21,
COM1,Jun-21,04/30/21,04/30/21,04/30/21,04/30/21,
CON1,Jul-21,05/28/21,05/28/21,05/28/21,05/28/21,
COQ1,Aug-21,06/30/21,06/30/21,06/30/21,06/30/21,
COU1,Sep-21,07/30/21,07/30/21,07/30/21,07/30/21,
COV1,Oct-21,08/31/21,08/31/21,08/31/21,08/31/21,
COX1,Nov-21,09/30/21,09/30/21,09/30/21,09/30/21,
COZ1,Dec-21,10/29/21,10/29/21,10/29/21,10/29/21,
COF2,Jan-22,11/30/21,11/30/21,11/30/21,11/30/21,
COG2,Feb-22,12/30/21,12/30/21,12/30/21,12/30/21,
COH2,Mar-22,01/31/22,01/31/22,01/31/22,01/31/22,
COJ2,Apr-22,02/28/22,02/28/22,02/28/22,02/28/22,
COK2,May-22,03/31/22,03/31/22,03/31/22,03/31/22,
COM2,Jun-22,04/29/22,04/29/22,04/29/22,04/29/22,
CON2,Jul-22,05/31/22,05/31/22,05/31/22,05/31/22,
COQ2,Aug-22,06/30/22,06/30/22,06/30/22,06/30/22,
COU2,Sep-22,07/29/22,07/29/22,07/29/22,07/29/22,
COV2,Oct-22,08/31/22,08/31/22,08/31/22,08/31/22,
COX2,Nov-22,09/30/22,09/30/22,09/30/22,09/30/22,
COZ2,Dec-22,10/31/22,10/31/22,10/31/22,10/31/22,
COF3,Jan-23,11/30/22,11/30/22,11/30/22,11/30/22,
COG3,Feb-23,12/29/22,12/29/22,12/29/22,12/29/22,
COH3,Mar-23,01/31/23,01/31/23,01/31/23,01/31/23,
COJ3,Apr-23,02/28/23,02/28/23,02/28/23,02/28/23,
COK3,May-23,03/31/23,03/31/23,03/31/23,03/31/23,
COM3,Jun-23,04/28/23,04/28/23,04/28/23,04/28/23,
CON3,Jul-23,05/31/23,05/31/23,05/31/23,05/31/23,
COQ3,Aug-23,06/30/23,06/30/23,06/30/23,06/30/23,
COU3,Sep-23,07/31/23,07/31/23,07/31/23,07/31/23,
COV3,Oct-23,08/31/23,08/31/23,08/31/23,08/31/23,
COX3,Nov-23,09/29/23,09/29/23,09/29/23,09/29/23,
COZ3,Dec-23,10/31/23,10/31/23,10/31/23,10/31/23,
COF4,Jan-24,11/30/23,11/30/23,11/30/23,11/30/23,
COG4,Feb-24,12/28/23,12/28/23,12/28/23,12/28/23,
COH4,Mar-24,01/31/24,01/31/24,01/31/24,01/31/24,
COJ4,Apr-24,02/29/24,02/29/24,02/29/24,02/29/24,
COK4,May-24,03/28/24,03/28/24,03/28/24,03/28/24,
COM4,Jun-24,04/30/24,04/30/24,04/30/24,04/30/24,
CON4,Jul-24,05/31/24,05/31/24,05/31/24,05/31/24,
COQ4,Aug-24,06/28/24,06/28/24,06/28/24,06/28/24,
COU4,Sep-24,07/31/24,07/31/24,07/31/24,07/31/24,
COV4,Oct-24,08/30/24,08/30/24,08/30/24,08/30/24,
COX4,Nov-24,09/30/24,09/30/24,09/30/24,09/30/24,
COZ4,Dec-24,10/31/24,10/31/24,10/31/24,10/31/24,
COF5,Jan-25,11/29/24,11/29/24,11/29/24,11/29/24,
COG5,Feb-25,12/30/24,12/30/24,12/30/24,12/30/24,
COH5,Mar-25,01/31/25,01/31/25,01/31/25,01/31/25,
COJ5,Apr-25,02/28/25,02/28/25,02/28/25,02/28/25,
COK5,May-25,03/31/25,03/31/25,03/31/25,03/31/25,
COM5,Jun-25,04/30/25,04/30/25,04/30/25,04/30/25,
CON5,Jul-25,05/30/25,05/30/25,05/30/25,05/30/25,
COQ5,Aug-25,06/30/25,06/30/25,06/30/25,06/30/25,
COU5,Sep-25,07/31/25,07/31/25,07/31/25,07/31/25,
COV5,Oct-25,08/29/25,08/29/25,08/29/25,08/29/25,
COX5,Nov-25,09/30/25,09/30/25,09/30/25,09/30/25,
COZ5,Dec-25,10/31/25,10/31/25,10/31/25,10/31/25,
COF6,Jan-26,11/28/25,11/28/25,11/28/25,11/28/25,
COG6,Feb-26,12/30/25,12/30/25,12/30/25,12/30/25,
COH6,Mar-26,01/30/26,01/30/26,01/30/26,01/30/26,
COJ6,Apr-26,02/27/26,02/27/26,02/27/26,02/27/26,
COK6,May-26,03/31/26,03/31/26,03/31/26,03/31/26,
COM6,Jun-26,04/30/26,04/30/26,04/30/26,04/30/26,
CON6,Jul-26,05/29/26,05/29/26,05/29/26,05/29/26,
COQ6,Aug-26,06/30/26,06/30/26,06/30/26,06/30/26,
COU6,Sep-26,07/31/26,07/31/26,07/31/26,07/31/26,
COV6,Oct-26,08/28/26,08/28/26,08/28/26,08/28/26,
COX6,Nov-26,09/30/26,09/30/26,09/30/26,09/30/26,
COZ6,Dec-26,10/30/26,10/30/26,10/30/26,10/30/26,
COF7,Jan-27,11/30/26,11/30/26,11/30/26,11/30/26,
COG7,Feb-27,12/31/26,12/31/26,12/31/26,12/31/26,
,,,,,,
