"Oct19",2019-08-30
"Nov19",2019-09-30
"Dec19",2019-10-31
"Jan20",2019-11-29
"Feb20",2019-12-30
"Mar20",2020-01-31
"Apr20",2020-02-28
"May20",2020-03-31
"Jun20",2020-04-30
"Jul20",2020-05-29
"Aug20",2020-06-30
"Sep20",2020-07-31
"Oct20",2020-08-28
"Nov20",2020-09-30
"Dec20",2020-10-30
"Jan21",2020-11-30
"Feb21",2020-12-30
"Mar21",2021-01-29
"Apr21",2021-02-26
"May21",2021-03-31
"Jun21",2021-04-30
"Jul21",2021-05-28
"Aug21",2021-06-30
"Sep21",2021-07-30
"Oct21",2021-08-31
"Nov21",2021-09-30
"Dec21",2021-10-29
"Jan22",2021-11-30
"Feb22",2021-12-30
"Mar22",2022-01-31
"Apr22",2022-02-28
"May22",2022-03-31
"Jun22",2022-04-29
"Jul22",2022-05-31
"Aug22",2022-06-30
"Sep22",2022-07-29
"Oct22",2022-08-31
"Nov22",2022-09-30
"Dec22",2022-10-31
"Jan23",2022-11-30
"Feb23",2022-12-29
"Mar23",2023-01-31
"Apr23",2023-02-28
"May23",2023-03-31
"Jun23",2023-04-28
"Jul23",2023-05-31
"Aug23",2023-06-30
"Sep23",2023-07-31
"Oct23",2023-08-31
"Nov23",2023-09-29
"Dec23",2023-10-31
"Jan24",2023-11-30
"Feb24",2023-12-28
"Mar24",2024-01-31
"Apr24",2024-02-29
"May24",2024-03-28
"Jun24",2024-04-30
"Jul24",2024-05-31
"Aug24",2024-06-28
"Sep24",2024-07-31
"Oct24",2024-08-30
"Nov24",2024-09-30
"Dec24",2024-10-31
"Jan25",2024-11-29
"Feb25",2024-12-30
"Mar25",2025-01-31
"Apr25",2025-02-28
"May25",2025-03-31
"Jun25",2025-04-30
"Jul25",2025-05-30
"Aug25",2025-06-30
"Sep25",2025-07-31
"Oct25",2025-08-29
"Nov25",2025-09-30
"Dec25",2025-10-31
"Jan26",2025-11-28
"Feb26",2025-12-30
"Mar26",2026-01-30
"Apr26",2026-02-27
"May26",2026-03-31
"Jun26",2026-04-30
"Jul26",2026-05-29
"Aug26",2026-06-30
"Sep26",2026-07-31
"Oct26",2026-08-28
"Nov26",2026-09-30
"Dec26",2026-10-30
"Jan27",2026-11-30
"Feb27",2026-12-30
"Mar27",2027-01-29
"Apr27",2027-02-26
"May27",2027-03-31
"Jun27",2027-04-30
"Jul27",2027-05-28
"Aug27",2027-06-30
"Sep27",2027-07-30
"Oct27",2027-08-31
"Nov27",2027-09-30
"Dec27",2027-10-29
"Jan28",2027-11-30
"Feb28",2027-12-30
"Mar28",2028-01-31
"Apr28",2028-02-29
"May28",2028-03-31
"Jun28",2028-04-28
"Jul28",2028-05-31
"Aug28",2028-06-30
"Sep28",2028-07-31
"Oct28",2028-08-31
"Nov28",2028-09-29
"Dec28",2028-10-31
"Jan29",2028-11-30
"Feb29",2028-12-28
"Mar29",2029-01-31
