"Mar21",2021-01-26
"Apr21",2021-02-23
"May21",2021-03-26
"Jun21",2021-04-27
"Jul21",2021-05-25
"Aug21",2021-06-25
"Sep21",2021-07-27
"Oct21",2021-08-25
"Nov21",2021-09-27
"Dec21",2021-10-26
"Jan22",2021-11-25
"Feb22",2021-12-23
"Mar22",2022-01-26
"Apr22",2022-02-23
"May22",2022-03-28
"Jun22",2022-04-26
"Jul22",2022-05-26
"Aug22",2022-06-27
"Sep22",2022-07-26
"Oct22",2022-08-25
"Nov22",2022-09-27
"Dec22",2022-10-26
"Jan23",2022-11-25
"Feb23",2022-12-22
"Mar23",2023-01-26
"Apr23",2023-02-23
"May23",2023-03-28
"Jun23",2023-04-25
"Jul23",2023-05-25
"Aug23",2023-06-27
"Sep23",2023-07-26
"Oct23",2023-08-25
"Nov23",2023-09-26
"Dec23",2023-10-26
"Jan24",2023-11-27
"Feb24",2023-12-21
"Mar24",2024-01-26
"Apr24",2024-02-26
"May24",2024-03-25
"Jun24",2024-04-25
"Jul24",2024-05-28
"Aug24",2024-06-25
"Sep24",2024-07-26
"Oct24",2024-08-27
"Nov24",2024-09-25
"Dec24",2024-10-28
"Jan25",2024-11-26
"Feb25",2024-12-23
"Mar25",2025-01-28
"Apr25",2025-02-25
"May25",2025-03-26
"Jun25",2025-04-25
"Jul25",2025-05-27
"Aug25",2025-06-25
"Sep25",2025-07-28
"Oct25",2025-08-26
"Nov25",2025-09-25
"Dec25",2025-10-28
"Jan26",2025-11-25
"Feb26",2025-12-23
"Mar26",2026-01-27
"Apr26",2026-02-24
"May26",2026-03-26
"Jun26",2026-04-27
"Jul26",2026-05-26
"Aug26",2026-06-25
"Sep26",2026-07-28
"Oct26",2026-08-25
"Nov26",2026-09-25
"Dec26",2026-10-27
"Jan27",2026-11-25
"Feb27",2026-12-23
"Mar27",2027-01-26
