"May22",2022-05-31
"Jun22",2022-06-30
"Jul22",2022-07-29
"Aug22",2022-08-31
"Sep22",2022-09-30
"Oct22",2022-10-31
"Nov22",2022-11-30
"Dec22",2022-12-30
"Jan23",2023-01-31
"Feb23",2023-02-28
"Mar23",2023-03-31
"Apr23",2023-04-28
"May23",2023-05-31
"Jun23",2023-06-30
"Jul23",2023-07-31
"Aug23",2023-08-31
"Sep23",2023-09-29
"Oct23",2023-10-31
"Nov23",2023-11-30
"Dec23",2023-12-29
"Jan24",2024-01-31
"Feb24",2024-02-29
"Mar24",2024-03-28
"Apr24",2024-04-30
"May24",2024-05-31
"Jun24",2024-06-28
"Jul24",2024-07-31
"Aug24",2024-08-30
"Sep24",2024-09-30
"Oct24",2024-10-31
"Nov24",2024-11-29
"Dec24",2024-12-31
"Jan25",2025-01-31
"Feb25",2025-02-28
"Mar25",2025-03-31
"Apr25",2025-04-30
"May25",2025-05-30
"Jun25",2025-06-30
"Jul25",2025-07-31
"Aug25",2025-08-29
"Sep25",2025-09-30
"Oct25",2025-10-31
"Nov25",2025-11-28
"Dec25",2025-12-31
"Jan26",2026-01-30
"Feb26",2026-02-27
"Mar26",2026-03-31
"Apr26",2026-04-30
"May26",2026-05-29
"Jun26",2026-06-30
"Jul26",2026-07-31
"Aug26",2026-08-28
"Sep26",2026-09-30
"Oct26",2026-10-30
"Nov26",2026-11-30
"Dec26",2026-12-31
"Jan27",2027-01-29
"Feb27",2027-02-26
"Mar27",2027-03-31
"Apr27",2027-04-30
"May27",2027-05-28
"Jun27",2027-06-30
"Jul27",2027-07-30
"Aug27",2027-08-31
"Sep27",2027-09-30
"Oct27",2027-10-29
"Nov27",2027-11-30
"Dec27",2027-12-31
