"Jul22",2022-06-15
"Aug22",2022-07-15
"Sep22",2022-08-15
"Oct22",2022-09-15
"Nov22",2022-10-14
"Dec22",2022-11-15
"Jan23",2022-12-15
"Feb23",2023-01-13
"Mar23",2023-02-15
"Apr23",2023-03-15
"May23",2023-04-14
"Jun23",2023-05-15
"Jul23",2023-06-15
"Aug23",2023-07-14
"Sep23",2023-08-15
"Oct23",2023-09-15
"Nov23",2023-10-13
"Dec23",2023-11-15
"Jan24",2023-12-15
"Feb24",2024-01-15
"Mar24",2024-02-15
"Apr24",2024-03-15
"May24",2024-04-15
"Jun24",2024-05-15
"Jul24",2024-06-14
"Aug24",2024-07-15
"Sep24",2024-08-15
"Oct24",2024-09-13
"Nov24",2024-10-15
"Dec24",2024-11-15
"Jan25",2024-12-13
"Feb25",2025-01-15
"Mar25",2025-02-14
"Apr25",2025-03-14
"May25",2025-04-15
"Jun25",2025-05-15
"Jul25",2025-06-13
"Aug25",2025-07-15
"Sep25",2025-08-15
"Oct25",2025-09-15
"Nov25",2025-10-15
"Dec25",2025-11-14
"Jan26",2025-12-15
"Feb26",2026-01-15
"Mar26",2026-02-13
"Apr26",2026-03-13
"May26",2026-04-15
"Jun26",2026-05-15
"Jul26",2026-06-15
"Aug26",2026-07-15
"Sep26",2026-08-14
"Oct26",2026-09-15
"Nov26",2026-10-15
"Dec26",2026-11-13
"Jan27",2026-12-15
"Feb27",2027-01-15
"Mar27",2027-02-15
"Apr27",2027-03-15
"May27",2027-04-15
"Jun27",2027-05-14
"Jul27",2027-06-15
"Aug27",2027-07-15
"Sep27",2027-08-13
"Oct27",2027-09-15
"Nov27",2027-10-15
"Dec27",2027-11-15
"Jan28",2027-12-15
"Feb28",2028-01-14
"Mar28",2028-02-15
"Apr28",2028-03-15
"May28",2028-04-13
