"Jun22",2022-05-27
"Jul22",2022-06-24
"Aug22",2022-07-27
"Sep22",2022-08-26
"Oct22",2022-09-26
"Nov22",2022-10-27
"Dec22",2022-11-25
"Jan23",2022-12-23
"Feb23",2023-01-27
"Mar23",2023-02-24
"Apr23",2023-03-27
"May23",2023-04-26
"Jun23",2023-05-26
"Jul23",2023-06-26
"Aug23",2023-07-27
"Sep23",2023-08-25
"Oct23",2023-09-26
"Nov23",2023-10-27
"Dec23",2023-11-24
"Jan24",2023-12-27
"Feb24",2024-01-26
"Mar24",2024-02-23
"Apr24",2024-03-26
"May24",2024-04-26
"Jun24",2024-05-24
"Jul24",2024-06-26
"Aug24",2024-07-26
"Sep24",2024-08-27
"Oct24",2024-09-26
"Nov24",2024-10-25
"Dec24",2024-11-26
"Jan25",2024-12-27
"Feb25",2025-01-27
"Mar25",2025-02-24
"Apr25",2025-03-27
"May25",2025-04-25
