"Jun22",2022-05-25
"Jul22",2022-06-27
"Aug22",2022-07-26
"Sep22",2022-08-26
"Oct22",2022-09-27
"Nov22",2022-10-26
"Dec22",2022-11-25
"Jan23",2022-12-27
"Feb23",2023-01-26
"Mar23",2023-02-23
"Apr23",2023-03-28
"May23",2023-04-25
"Jun23",2023-05-25
"Jul23",2023-06-27
"Aug23",2023-07-26
"Sep23",2023-08-28
"Oct23",2023-09-26
"Nov23",2023-10-26
"Dec23",2023-11-27
"Jan24",2023-12-26
"Feb24",2024-01-26
"Mar24",2024-02-26
"Apr24",2024-03-25
"May24",2024-04-25
"Jun24",2024-05-28
"Jul24",2024-06-25
"Aug24",2024-07-26
"Sep24",2024-08-27
"Oct24",2024-09-25
"Nov24",2024-10-28
"Dec24",2024-11-25
"Jan25",2024-12-26
"Feb25",2025-01-28
"Mar25",2025-02-25
"Apr25",2025-03-26
"May25",2025-04-25
"Jun25",2025-05-27
"Jul25",2025-06-25
"Aug25",2025-07-28
"Sep25",2025-08-26
"Oct25",2025-09-25
"Nov25",2025-10-28
"Dec25",2025-11-24
"Jan26",2025-12-26
"Feb26",2026-01-27
"Mar26",2026-02-24
"Apr26",2026-03-26
"May26",2026-04-27
"Jun26",2026-05-26
"Jul26",2026-06-25
"Aug26",2026-07-28
"Sep26",2026-08-26
"Oct26",2026-09-25
"Nov26",2026-10-27
"Dec26",2026-11-24
"Jan27",2026-12-28
"Feb27",2027-01-26
"Mar27",2027-02-23
"Apr27",2027-03-25
"May27",2027-04-27
"Jun27",2027-05-25
"Jul27",2027-06-25
"Aug27",2027-07-27
"Sep27",2027-08-26
"Oct27",2027-09-27
"Nov27",2027-10-26
"Dec27",2027-11-24
"Jan28",2027-12-27
"Feb28",2028-01-26
"Mar28",2028-02-24
"Apr28",2028-03-28
"May28",2028-04-25
"Jun28",2028-05-25
"Jul28",2028-06-27
"Aug28",2028-07-26
"Sep28",2028-08-28
"Oct28",2028-09-26
"Nov28",2028-10-26
"Dec28",2028-11-27
"Jan29",2028-12-26
"Feb29",2029-01-26
"Mar29",2029-02-23
"Apr29",2029-03-26
"May29",2029-04-25
"Jun29",2029-05-25
"Jul29",2029-06-26
"Aug29",2029-07-26
"Sep29",2029-08-28
"Oct29",2029-09-25
"Nov29",2029-10-26
"Dec29",2029-11-27
"Jan30",2029-12-26
"Feb30",2030-01-28
"Mar30",2030-02-25
"Apr30",2030-03-26
"May30",2030-04-25
"Jun30",2030-05-28
"Jul30",2030-06-25
"Aug30",2030-07-26
"Sep30",2030-08-27
"Oct30",2030-09-25
"Nov30",2030-10-28
"Dec30",2030-11-25
