"Jan21",2020-12-30
"Feb21",2021-01-28
"Mar21",2021-02-25
"Apr21",2021-03-30
"May21",2021-04-29
"Jun21",2021-05-27
"Jul21",2021-06-29
"Aug21",2021-07-29
"Sep21",2021-08-27
"Oct21",2021-09-29
"Nov21",2021-10-28
"Dec21",2021-11-29
"Jan22",2021-12-30
"Feb22",2022-01-28
"Mar22",2022-02-25
"Apr22",2022-03-30
"May22",2022-04-28
"Jun22",2022-05-30
"Jul22",2022-06-29
"Aug22",2022-07-28
"Sep22",2022-08-30
"Oct22",2022-09-29
"Nov22",2022-10-28
"Dec22",2022-11-29
"Jan23",2022-12-29
"Feb23",2023-01-30
"Mar23",2023-02-27
"Apr23",2023-03-30
"May23",2023-04-27
"Jun23",2023-05-30
"Jul23",2023-06-29
"Aug23",2023-07-28
"Sep23",2023-08-30
"Oct23",2023-09-28
"Nov23",2023-10-30
"Dec23",2023-11-29
"Jan24",2023-12-28
"Feb24",2024-01-30
"Mar24",2024-02-28
"Apr24",2024-03-27
"May24",2024-04-29
"Jun24",2024-05-30
"Jul24",2024-06-27
"Aug24",2024-07-30
"Sep24",2024-08-29
"Oct24",2024-09-27
"Nov24",2024-10-30
"Dec24",2024-11-28
"Jan25",2024-12-30
"Feb25",2025-01-30
"Mar25",2025-02-27
"Apr25",2025-03-28
"May25",2025-04-29
"Jun25",2025-05-29
"Jul25",2025-06-27
"Aug25",2025-07-30
"Sep25",2025-08-28
"Oct25",2025-09-29
"Nov25",2025-10-30
"Dec25",2025-11-27
"Jan26",2025-12-30
"Feb26",2026-01-29
"Mar26",2026-02-26
"Apr26",2026-03-30
"May26",2026-04-29
"Jun26",2026-05-28
"Jul26",2026-06-29
"Aug26",2026-07-30
"Sep26",2026-08-27
"Oct26",2026-09-29
"Nov26",2026-10-29
"Dec26",2026-11-27
"Jan27",2026-12-30
"Feb27",2027-01-28
"Mar27",2027-02-25
"Apr27",2027-03-30
"May27",2027-04-29
"Jun27",2027-05-27
"Jul27",2027-06-29
"Aug27",2027-07-29
"Sep27",2027-08-27
"Oct27",2027-09-29
"Nov27",2027-10-28
"Dec27",2027-11-29
"Jan28",2027-12-30
"Feb28",2028-01-28
"Mar28",2028-02-28
"Apr28",2028-03-30
"May28",2028-04-27
"Jun28",2028-05-30
"Jul28",2028-06-29
"Aug28",2028-07-28
"Sep28",2028-08-30
"Oct28",2028-09-28
"Nov28",2028-10-30
"Dec28",2028-11-29
"Jan29",2028-12-28
"Feb29",2029-01-30
"Mar29",2029-02-27
"Apr29",2029-03-28
"May29",2029-04-27
"Jun29",2029-05-30
"Jul29",2029-06-28
"Aug29",2029-07-30
"Sep29",2029-08-30
"Oct29",2029-09-27
"Nov29",2029-10-30
"Dec29",2029-11-29
"Jan30",2029-12-28
"Feb30",2030-01-30
"Mar30",2030-02-27
"Apr30",2030-03-28
"May30",2030-04-29
"Jun30",2030-05-30
"Jul30",2030-06-27
"Aug30",2030-07-30
"Sep30",2030-08-29
"Oct30",2030-09-27
"Nov30",2030-10-30
"Dec30",2030-11-28
"Jan31",2030-12-30
"Feb31",2031-01-30
"Mar31",2031-02-27
"Apr31",2031-03-28
"May31",2031-04-29
"Jun31",2031-05-29
"Jul31",2031-06-27
"Aug31",2031-07-30
"Sep31",2031-08-28
"Oct31",2031-09-29
"Nov31",2031-10-30
"Dec31",2031-11-27
