"Feb21",2021-01-27
"Mar21",2021-02-24
"Apr21",2021-03-26
"May21",2021-04-26
"Jun21",2021-05-26
"Jul21",2021-06-25
"Aug21",2021-07-27
"Sep21",2021-08-26
"Oct21",2021-09-24
"Nov21",2021-10-27
"Dec21",2021-11-26
"Jan22",2021-12-24
"Feb22",2022-01-27
"Mar22",2022-02-24
"Apr22",2022-03-25
"May22",2022-04-26
"Jun22",2022-05-26
"Jul22",2022-06-24
"Aug22",2022-07-27
"Sep22",2022-08-26
"Oct22",2022-09-26
"Nov22",2022-10-27
"Dec22",2022-11-25
"Jan23",2022-12-23
"Feb23",2023-01-27
"Mar23",2023-02-24
"Apr23",2023-03-27
"May23",2023-04-26
"Jun23",2023-05-26
"Jul23",2023-06-26
"Aug23",2023-07-27
"Sep23",2023-08-25
"Oct23",2023-09-26
"Nov23",2023-10-27
"Dec23",2023-11-24
"Jan24",2023-12-27
